,brand_name_rx_count,gender,generic_rx_count,npi,region,settlement_type,specialty,years_practicing
0,0,M,143,1588615371,South,urban,Child & Adolescent Psychiatry,7
1,0,M,82,1659677862,Northeast,non-urban,General Practice,2
2,295,F,1601,1013909233,Northeast,non-urban,Family,8
3,0,M,56,1952331357,South,urban,Oral and Maxillofacial Surgery,7
4,175,M,476,1376534941,Midwest,urban,Gastroenterology,8
5,0,M,459,1902890825,Midwest,non-urban,Foot & Ankle Surgery,8
6,26,M,388,1699725945,West,non-urban,Orthopaedic Surgery of the Spine,7
7,257,F,2064,1689616336,Midwest,non-urban,Gerontology,7
8,0,M,62,1184839391,Midwest,non-urban,General Practice,6
9,0,M,84,1962487603,Midwest,urban,General Practice,8
10,0,M,53,1417006594,South,non-urban,Oral and Maxillofacial Surgery,6
11,0,F,67,1891756557,Midwest,non-urban,Pain Medicine,7
12,76,F,658,1861490773,Midwest,non-urban,Medical,8
13,0,M,171,1619044211,Midwest,urban,General Practice,7
14,0,M,46,1568543734,West,non-urban,General Practice,7
15,0,M,55,1265527329,Midwest,non-urban,Radiation Oncology,7
16,0,F,54,1639433170,Northeast,non-urban,Adult Health,1
17,0,M,12,1669412698,Midwest,urban,Sports Medicine,7
18,1117,M,12368,1902809080,South,urban,Pain Medicine,8
19,96,M,682,1033215165,West,urban,Medical,7
20,0,M,88,1518262039,South,urban,Medical,2
21,87,F,1266,1437277282,West,non-urban,Adult Medicine,6
22,384,M,3064,1659360311,South,urban,Pain Medicine,8
23,271,M,936,1598764805,West,urban,Gastroenterology,8
24,0,F,155,1033340377,South,non-urban,Family,4
25,1887,F,9867,1780665919,South,urban,Primary Care,8
26,562,F,3346,1891903902,West,non-urban,Gerontology,6
27,601,M,2065,1467412288,South,non-urban,Gastroenterology,7
28,0,M,95,1841253341,Northeast,urban,Medical,7
29,0,M,351,1811090004,South,non-urban,Oral and Maxillofacial Surgery,7
30,0,M,337,1205868718,South,non-urban,Adult Medicine,7
31,136,M,505,1861421539,South,urban,Hematology & Oncology,7
32,349,F,1385,1447254016,Midwest,urban,Neurology,8
33,543,M,389,1568421998,Northeast,non-urban,Infectious Disease,7
34,18,F,175,1851647598,Midwest,urban,Family,1
35,11,F,372,1184952632,Midwest,urban,Family,4
36,0,M,27,1962566943,Midwest,non-urban,Surgical Critical Care,7
37,0,M,114,1114148939,Midwest,urban,General Practice,6
38,0,M,156,1255341178,Midwest,non-urban,Oral and Maxillofacial Surgery,7
39,0,M,53,1114928330,Northeast,non-urban,Prosthodontics,8
40,69,F,386,1720394885,South,urban,Adult Health,3
41,0,M,352,1386640688,West,non-urban,Vascular Surgery,8
42,12,M,340,1659461010,Midwest,non-urban,Hematology & Oncology,7
43,0,M,25,1508992132,West,urban,General Practice,6
44,44,F,967,1952306979,Midwest,urban,Rheumatology,8
45,88,M,370,1316912413,Midwest,non-urban,Interventional Pain Medicine,7
46,0,M,24,1366586372,Midwest,non-urban,Oral and Maxillofacial Surgery,6
47,0,F,173,1093015026,Midwest,urban,Family,3
48,132,F,444,1023108065,South,urban,Medical,7
49,226,M,1232,1215935663,Midwest,non-urban,Rheumatology,8
50,822,M,2321,1265402374,Northeast,non-urban,Nephrology,7
51,382,F,1157,1700116241,Midwest,non-urban,Family,3
52,0,F,57,1417059692,Northeast,urban,Surgical Technologist,7
53,473,F,1986,1740537398,Northeast,non-urban,Family,1
54,11,M,0,1114072865,Northeast,non-urban,Hematology & Oncology,6
55,0,M,52,1831459577,Northeast,non-urban,Oral and Maxillofacial Surgery,1
56,354,F,1447,1033197330,Northeast,urban,Family,7
57,0,F,14,1821258070,Midwest,urban,Family,5
58,0,F,68,1467639781,Midwest,non-urban,Pediatrics,5
59,564,F,3230,1356522965,South,urban,Family,6
60,0,M,164,1952687865,South,non-urban,General Practice,2
61,259,M,1893,1386637155,South,non-urban,Family,8
62,417,M,446,1356367619,South,non-urban,Gastroenterology,7
63,0,M,12,1598086910,Northeast,non-urban,Plastic and Reconstructive Surgery,3
64,0,F,116,1528160140,South,urban,General Practice,7
65,0,M,94,1891793071,South,non-urban,Foot & Ankle Surgery,8
66,410,M,1450,1952460479,Northeast,non-urban,Neurology,7
67,86,M,548,1851374292,Midwest,urban,Hematology & Oncology,8
68,858,M,2601,1730198052,South,urban,Gastroenterology,7
69,0,M,101,1831287523,West,urban,General Practice,7
70,1067,M,3805,1396705471,South,urban,Geriatric Medicine,7
71,176,F,1815,1831180736,Midwest,non-urban,Rheumatology,8
72,39,F,560,1528292646,South,urban,Family,4
73,94,F,529,1437352820,Midwest,non-urban,Neurology,6
74,219,M,756,1942284369,Northeast,non-urban,Gastroenterology,8
75,0,M,66,1649248931,Midwest,non-urban,Hand Surgery,7
76,0,F,49,1295912434,South,non-urban,General Practice,5
77,0,F,87,1811262298,South,urban,Medical,1
78,787,M,2608,1588676662,South,non-urban,Pulmonary Disease,7
79,580,M,2869,1922009380,South,non-urban,Neurology,8
80,735,F,2253,1124017520,Midwest,non-urban,Neurology,8
81,0,F,130,1841407954,South,urban,General Practice,6
82,42,M,174,1811916679,West,non-urban,Medical,7
83,0,M,35,1649471855,South,urban,General Practice,6
84,27,M,261,1568567170,South,non-urban,Emergency Medical Services,7
85,0,F,245,1518940782,West,non-urban,Rheumatology,8
86,487,F,2718,1750329082,South,non-urban,Family,7
87,12,M,32,1912137910,West,non-urban,Interventional Pain Medicine,4
88,0,M,217,1912932609,South,urban,General Practice,7
89,0,M,165,1942238621,Midwest,urban,Oral and Maxillofacial Surgery,7
90,29,M,446,1033473491,South,non-urban,Family,1
91,12,M,153,1861464703,South,urban,Adult Medicine,7
92,0,F,82,1992855902,South,urban,Acute Care,6
93,0,M,66,1295708659,Midwest,non-urban,Hand Surgery,7
94,0,F,185,1386636199,West,non-urban,Family,8
95,596,M,890,1073561304,South,urban,Gastroenterology,7
96,51,F,702,1457439481,Midwest,non-urban,Family,7
97,433,F,3751,1285700757,Midwest,non-urban,Family,7
98,0,F,99,1962553628,West,non-urban,Surgical Technologist,6
99,0,M,331,1295863967,Midwest,non-urban,General Practice,6
100,1587,M,15430,1477585768,South,non-urban,Cardiovascular Disease,7
101,12,M,310,1578754768,South,urban,Psychiatry,6
102,44,M,471,1275609349,West,non-urban,Hematology & Oncology,7
103,297,M,3414,1114920758,South,non-urban,Interventional Pain Medicine,8
104,4217,M,4495,1679551212,South,non-urban,Infectious Disease,7
105,53,F,691,1629304977,Midwest,urban,Family,4
106,0,M,325,1255313078,South,non-urban,Oral and Maxillofacial Surgery,8
107,109,M,1033,1235220880,South,urban,Family,7
108,429,F,3010,1255481255,Midwest,non-urban,Adolescent Medicine,6
109,757,F,3615,1790920122,South,non-urban,Family,5
110,0,F,75,1407882269,Midwest,non-urban,Surgical Technologist,7
111,661,F,3322,1396836326,Northeast,non-urban,Pulmonary Disease,7
112,236,M,3054,1760545701,Midwest,urban,Medical,7
113,0,F,68,1346342334,South,non-urban,General Practice,7
114,0,M,54,1093755084,South,urban,General Practice,7
115,293,F,2063,1841477684,Northeast,urban,Family,5
116,0,M,58,1043256985,South,non-urban,General Practice,7
117,0,M,116,1588723530,Midwest,urban,Oral and Maxillofacial Surgery,7
118,13,M,246,1356424741,West,non-urban,Orthopaedic Surgery of the Spine,7
119,486,M,1097,1134168644,Midwest,non-urban,Gastroenterology,7
120,55,M,874,1508045600,West,non-urban,Medical,6
121,444,F,2075,1235369620,Northeast,non-urban,Family,4
122,0,M,47,1578566055,Midwest,urban,Radiation Oncology,8
123,0,M,15,1598973489,Northeast,urban,Emergency Medical Services,6
124,0,M,142,1437202165,West,non-urban,General Practice,6
125,0,M,31,1114997285,South,non-urban,Gynecologic Oncology,7
126,673,F,3780,1588795074,Midwest,urban,Family,6
127,94,M,2181,1124015714,West,non-urban,Rheumatology,8
128,746,M,3400,1407836836,South,urban,Cardiovascular Disease,7
129,0,M,143,1922282995,Midwest,non-urban,General Practice,6
130,0,M,235,1588742902,Midwest,non-urban,Oral and Maxillofacial Surgery,7
131,0,M,14,1013993104,Midwest,non-urban,Emergency Medical Services,8
132,0,F,35,1083845887,West,non-urban,Surgical Technologist,4
133,0,M,179,1528075819,Midwest,non-urban,Endodontics,7
134,0,M,58,1033194535,South,non-urban,Vascular Surgery,8
135,0,M,27,1447337910,West,non-urban,General Practice,7
136,523,M,2116,1619060365,South,non-urban,Infectious Disease,7
137,225,F,1328,1922313063,South,urban,Family,3
138,0,M,193,1831295294,South,urban,Oral and Maxillofacial Surgery,7
139,32,F,1098,1629135124,West,non-urban,Family,6
140,151,M,726,1487745360,Midwest,non-urban,Gastroenterology,7
141,0,M,189,1386785426,South,non-urban,Foot & Ankle Surgery,6
142,31,M,173,1578737029,West,non-urban,Sports Medicine,5
143,0,M,53,1184668683,Midwest,non-urban,General Practice,7
144,0,M,97,1639145774,South,non-urban,Vascular Surgery,7
145,0,F,42,1306821756,Midwest,non-urban,Emergency Medical Services,8
146,606,M,5599,1629005400,South,non-urban,Cardiovascular Disease,7
147,66,M,422,1770558850,Northeast,non-urban,Gerontology,7
148,57,M,352,1922083245,West,non-urban,Medical,8
149,0,M,39,1942217427,Northeast,non-urban,Emergency Medical Services,7
150,13,F,293,1609122787,Northeast,non-urban,Acute Care,1
151,0,M,14,1376792911,South,non-urban,Hematology & Oncology,5
152,0,F,43,1003817412,South,urban,Radiation Oncology,8
153,0,M,34,1881890002,West,urban,Hand Surgery,6
154,450,M,1070,1407828254,South,non-urban,Infectious Disease,7
155,1060,F,511,1285711754,South,non-urban,Gastroenterology,7
156,0,M,91,1952564833,West,non-urban,Oral and Maxillofacial Surgery,5
157,175,M,1076,1952377780,South,non-urban,Otolaryngology/Facial Plastic Surgery,7
158,0,M,398,1891905287,South,urban,Pain Medicine,6
159,202,M,1079,1104841360,West,non-urban,Nephrology,7
160,0,M,91,1679501456,West,urban,Radiation Oncology,7
161,200,F,985,1528333127,Midwest,non-urban,Primary Care,1
162,133,F,1224,1932129707,West,non-urban,Gerontology,7
163,456,M,1424,1952469314,South,non-urban,Nephrology,7
164,0,M,49,1861569261,West,non-urban,Obstetrics,7
165,0,M,32,1801977475,Northeast,non-urban,General Practice,7
166,0,M,118,1497892517,South,non-urban,Endodontics,6
167,1467,M,3829,1568475044,West,non-urban,"Endocrinology, Diabetes & Metabolism",7
168,38,M,190,1679589592,South,urban,Oral and Maxillofacial Pathology,7
169,0,M,75,1942272307,South,non-urban,Sports Medicine,7
170,333,F,1822,1811157522,Northeast,non-urban,Rheumatology,5
171,89,F,328,1306924741,South,non-urban,Rheumatology,7
172,0,M,244,1194842500,Midwest,urban,Oral and Maxillofacial Pathology,6
173,13,M,193,1861787665,West,non-urban,Sports Medicine,2
174,0,M,62,1194914374,South,urban,General Practice,6
175,0,M,107,1770538209,South,urban,General Practice,7
176,0,F,12,1447462130,West,urban,Acute Care,6
177,0,F,301,1306824800,South,non-urban,Hematology & Oncology,7
178,62,M,395,1215145834,South,urban,Orthopaedic Surgery of the Spine,6
179,249,M,1056,1093788846,Midwest,non-urban,Neurology,7
180,470,M,4397,1659543619,South,non-urban,Foot & Ankle Surgery,5
181,1354,M,3718,1558315598,South,urban,Cardiovascular Disease,7
182,45,F,253,1932246436,South,non-urban,Adult Health,6
183,0,M,89,1710116819,West,urban,Oral and Maxillofacial Surgery,4
184,171,M,1255,1962418087,South,non-urban,Medical,7
185,60,M,625,1629078621,South,urban,Family,8
186,504,M,1201,1043275605,Northeast,non-urban,Rheumatology,7
187,740,F,6362,1720067457,South,non-urban,Family,7
188,44,F,563,1750354833,West,non-urban,Family,7
189,324,F,1915,1245478320,South,urban,Acute Care,4
190,71,F,1624,1598859308,South,urban,Family,7
191,358,M,1703,1225038029,Midwest,urban,Gastroenterology,8
192,102,F,922,1821067745,Midwest,non-urban,Family,7
193,77,M,695,1578509113,West,urban,Hematology & Oncology,7
194,2002,M,11898,1760469340,South,urban,Pulmonary Disease,8
195,272,F,496,1235446147,Northeast,urban,Family,3
196,2813,M,16401,1992802672,West,non-urban,Cardiovascular Disease,7
197,0,M,81,1639241342,Midwest,urban,Oral and Maxillofacial Surgery,7
198,2732,M,3868,1053391466,West,urban,Infectious Disease,7
199,1095,M,7747,1679606560,Midwest,non-urban,Psychiatry,6
200,1532,F,8965,1205922747,South,non-urban,Family,7
201,1890,M,6350,1265482111,Midwest,non-urban,Cardiovascular Disease,7
202,50,M,714,1245289917,South,non-urban,Foot Surgery,7
203,147,M,532,1023042942,West,non-urban,Medical Oncology,7
204,571,F,2019,1255315776,Northeast,non-urban,Nephrology,8
205,97,M,730,1053563957,Midwest,urban,Medical,5
206,81,F,407,1790937407,South,urban,Family,5
207,855,F,3183,1689643660,Northeast,urban,Cardiovascular Disease,7
208,0,M,337,1851322234,South,non-urban,Hand Surgery,7
209,55,F,811,1841328101,South,non-urban,Medical,6
210,0,M,212,1801819610,South,urban,Surgical Technologist,7
211,108,M,1003,1316968266,West,urban,Adult Health,7
212,0,M,13,1760461206,West,non-urban,Nephrology,7
213,0,M,274,1679682447,South,urban,Surgical Technologist,7
214,0,M,204,1508932369,West,non-urban,Emergency Medical Services,7
215,592,M,2926,1669400685,Midwest,urban,Adolescent Medicine,7
216,0,F,275,1326056151,Northeast,non-urban,Medical,7
217,394,F,2424,1861770380,South,non-urban,Family,2
218,17,F,133,1043257942,South,urban,Acute Care,7
219,23,M,471,1891721965,Midwest,non-urban,MOHS-Micrographic Surgery,7
220,12,M,95,1760473235,South,non-urban,Foot & Ankle Surgery,8
221,0,F,281,1801161591,Midwest,urban,Adult Health,1
222,839,M,5236,1922054170,South,non-urban,Cardiovascular Disease,7
223,480,M,2762,1508848227,South,urban,Cardiovascular Disease,8
224,0,F,15,1073857819,West,urban,Adult Health,1
225,0,F,82,1750687091,South,non-urban,Medical,2
226,1386,M,3274,1841297504,Northeast,non-urban,"Endocrinology, Diabetes & Metabolism",8
227,172,M,1646,1659346393,South,non-urban,Pain Medicine,7
228,0,M,62,1952385726,Northeast,non-urban,Hematology & Oncology,8
229,0,M,14,1366413668,South,urban,Anatomic Pathology & Clinical Pathology,7
230,12,M,518,1467488445,Northeast,non-urban,Foot & Ankle Surgery,7
231,0,M,30,1023176195,West,non-urban,General Practice,7
232,0,M,100,1003824517,Midwest,urban,General Practice,7
233,0,M,35,1699702233,Midwest,non-urban,General Practice,7
234,0,F,15,1316114259,West,non-urban,Acute Care,5
235,0,M,55,1801934500,South,non-urban,General Practice,6
236,536,M,2827,1003824673,West,non-urban,Nephrology,7
237,109,F,1447,1407105463,West,non-urban,Family,1
238,0,M,152,1053373969,South,non-urban,Surgical Technologist,7
239,149,M,682,1801891288,South,non-urban,Hematology & Oncology,8
240,38,F,418,1144292491,Northeast,urban,Medical,7
241,0,F,236,1245269463,Northeast,non-urban,Surgical Technologist,7
242,31,M,101,1588635361,Midwest,non-urban,Foot & Ankle Surgery,7
243,11,F,493,1457437477,South,non-urban,Family,7
244,259,M,524,1780622928,South,non-urban,Infectious Disease,7
245,0,F,57,1871740910,South,urban,Family,5
246,336,F,2756,1558460287,South,non-urban,Acute Care,7
247,0,F,111,1568622264,West,non-urban,Surgical Technologist,5
248,26,M,42,1881658144,South,non-urban,Plastic and Reconstructive Surgery,7
249,109,M,463,1477579647,Midwest,urban,Gastroenterology,7
250,1014,M,5460,1992708820,South,urban,Pain Medicine,8
251,0,M,142,1720199078,West,non-urban,Surgical Technologist,7
252,0,M,39,1740409853,West,non-urban,General Practice,6
253,0,M,132,1629037288,Northeast,non-urban,Vascular Surgery,7
254,11,F,322,1467422089,Northeast,non-urban,Medical,7
255,0,M,68,1558309120,South,urban,Diagnostic Radiology,7
256,63,F,475,1043228703,Northeast,non-urban,Family,7
257,0,M,350,1467472027,South,non-urban,General Practice,7
258,22,F,178,1841358439,Northeast,urban,Medical,7
259,0,F,66,1407809635,Midwest,non-urban,Pain Medicine,7
260,1241,M,2315,1134161821,South,urban,Pulmonary Disease,7
261,0,M,222,1720295637,South,non-urban,Hospice and Palliative Medicine,6
262,444,M,867,1043303886,South,urban,Interventional Pain Medicine,7
263,0,M,81,1396789947,West,urban,General Practice,7
264,590,F,1800,1841221520,Midwest,urban,Family,7
265,1963,M,8921,1821038852,South,non-urban,Pulmonary Disease,7
266,0,M,83,1720170665,South,urban,Critical Care Medicine,7
267,280,M,1111,1700944279,West,non-urban,Nephrology,7
268,18,F,50,1538223391,Northeast,non-urban,Family,7
269,431,F,1893,1265525042,South,urban,Psychiatry,7
270,265,F,2153,1457360174,South,urban,Family,7
271,0,M,52,1134211261,South,urban,Periodontics,7
272,12,M,221,1851385330,West,non-urban,Hematology & Oncology,8
273,0,M,139,1033385307,West,urban,Pain Medicine,5
274,28,F,126,1134405624,West,non-urban,Medical,2
275,0,M,89,1154401016,South,non-urban,Oral and Maxillofacial Surgery,7
276,219,F,1665,1831165927,Midwest,non-urban,Family,7
277,181,M,1855,1013025519,South,non-urban,Psychiatry,7
278,11,M,376,1871578138,Midwest,non-urban,Foot & Ankle Surgery,8
279,34,F,584,1114275153,Northeast,non-urban,Adult Health,1
280,178,F,564,1003188285,Midwest,urban,Family,1
281,334,F,1288,1649354119,Northeast,non-urban,Neurology,7
282,29,M,220,1932224995,Northeast,non-urban,Psychiatry,6
283,0,M,81,1881682714,West,urban,Hematology & Oncology,8
284,0,M,98,1700955788,Midwest,non-urban,General Practice,7
285,73,F,364,1174828016,South,urban,Family,2
286,27,F,104,1730130659,Midwest,urban,Radiation Oncology,7
287,432,M,1992,1982795191,Northeast,non-urban,Rheumatology,7
288,67,F,279,1659310811,Northeast,non-urban,Rheumatology,7
289,792,M,4613,1619933140,Midwest,urban,Family,7
290,272,M,1318,1780740860,Northeast,non-urban,Gastroenterology,7
291,995,F,5900,1932280799,South,non-urban,Family,7
292,0,F,35,1699852582,Northeast,non-urban,Radiation Oncology,7
293,0,M,16,1902028111,West,urban,Foot and Ankle Surgery,6
294,913,F,3490,1497836902,Midwest,non-urban,Neurology,7
295,0,M,180,1023235876,South,non-urban,General Practice,6
296,0,M,168,1306859442,Northeast,non-urban,Adult Reconstructive Orthopaedic Surgery,7
297,0,M,51,1558353482,South,urban,General Practice,8
298,588,F,929,1699706028,South,urban,Adult Health,7
299,0,M,11,1386626729,West,non-urban,Diagnostic Radiology,8
300,43,F,1220,1396035218,Northeast,non-urban,Family,2
301,0,M,45,1518960277,South,non-urban,General Practice,8
302,78,F,911,1689735623,South,urban,Medical,7
303,338,F,2439,1588613772,Northeast,non-urban,Rheumatology,7
304,0,F,228,1275641284,West,non-urban,Oral and Maxillofacial Surgery,7
305,0,F,60,1265535454,South,urban,Endodontics,7
306,111,F,1833,1417949884,South,non-urban,Primary Care,8
307,769,F,4928,1104896976,South,non-urban,Family,7
308,16,M,36,1467676700,South,non-urban,General Practice,6
309,0,M,31,1366552176,West,non-urban,Hand Surgery,7
310,0,F,59,1942569785,West,non-urban,Family,1
311,0,M,65,1952364796,Midwest,non-urban,Orthopaedic Surgery of the Spine,7
312,0,M,50,1447221429,Midwest,non-urban,Radiation Oncology,7
313,40,M,225,1598704892,Midwest,urban,Plastic Surgery within the Head & Neck,7
314,381,M,2064,1891753216,South,urban,Rheumatology,7
315,286,M,1545,1023084720,West,urban,Hematology & Oncology,7
316,142,F,1064,1104921964,West,non-urban,Family,7
317,41,M,743,1578532511,South,non-urban,Hematology & Oncology,7
318,50,M,510,1932456910,Northeast,non-urban,Family,1
319,739,F,2986,1174574701,South,urban,Neurology,7
320,321,M,1365,1093765299,South,non-urban,Nephrology,7
321,1576,M,1747,1447409636,Northeast,non-urban,Infectious Disease,5
322,154,F,2030,1386959492,West,non-urban,Family,3
323,183,M,3790,1669406807,Midwest,non-urban,Pain Medicine,7
324,514,M,2445,1184606550,South,urban,Interventional Pain Medicine,8
325,1918,F,7232,1023042215,South,urban,Geriatric Medicine,7
326,81,M,1034,1225000797,Midwest,non-urban,Hematology & Oncology,7
327,26,M,97,1336244870,Midwest,non-urban,Rheumatology,7
328,14,M,106,1700173275,South,non-urban,Medical,2
329,0,M,210,1366561060,West,urban,General Practice,6
330,18,F,324,1780805077,South,non-urban,Neurology,6
331,713,M,3516,1528053196,Midwest,non-urban,Adolescent Medicine,8
332,12,F,261,1043473499,West,urban,Family,5
333,265,M,826,1699942474,Midwest,non-urban,Clinical Cardiac Electrophysiology,5
334,23,M,153,1205896370,West,non-urban,Pain Medicine,7
335,1210,M,5355,1710952486,South,non-urban,Cardiovascular Disease,7
336,0,M,75,1801991484,Northeast,urban,Medical,7
337,0,F,26,1619284635,Midwest,non-urban,Surgical Technologist,3
338,0,M,248,1912188525,South,urban,Endodontics,6
339,0,F,42,1366546426,South,non-urban,General Practice,7
340,13,F,512,1851392344,Northeast,non-urban,Adult Health,8
341,41,F,239,1316037047,Midwest,urban,Family,7
342,89,M,716,1093076416,West,non-urban,Medical,1
343,0,M,254,1730105511,South,urban,General Practice,7
344,138,M,1203,1144227067,South,urban,Pain Medicine,8
345,69,F,513,1235393752,West,urban,Family,5
346,0,M,13,1407052038,South,non-urban,General Practice,6
347,0,M,65,1679734727,South,non-urban,General Practice,5
348,0,F,15,1861444168,South,urban,Medical,7
349,0,M,59,1639309594,West,non-urban,General Practice,4
350,76,M,712,1710968243,West,urban,Infectious Disease,8
351,0,M,59,1164652053,West,non-urban,General Practice,4
352,0,F,57,1225204282,South,urban,Acute Care,5
353,55,M,440,1194790683,West,non-urban,Pain Medicine,7
354,34,M,172,1649430711,Northeast,non-urban,Adult Reconstructive Orthopaedic Surgery,5
355,40,F,64,1487682985,South,urban,Pain Medicine,7
356,130,M,1504,1346352788,West,non-urban,Psychiatry,7
357,0,F,46,1992969240,Midwest,non-urban,Surgical Technologist,5
358,0,F,119,1568466498,Midwest,non-urban,Adult Health,8
359,13,M,257,1639166531,South,urban,Emergency Medical Services,8
360,27,F,104,1821036799,Midwest,non-urban,Emergency Medical Services,7
361,1119,M,6484,1942389580,West,urban,Cardiovascular Disease,7
362,0,M,34,1306969506,South,urban,General Practice,6
363,0,M,32,1497860175,South,urban,Dental Public Health,7
364,961,M,4125,1982607628,South,non-urban,Cardiovascular Disease,8
365,450,M,3676,1497816821,West,urban,Cardiovascular Disease,7
366,0,M,514,1154428621,West,urban,Geriatric Medicine,7
367,183,F,2020,1891759411,West,non-urban,Family,7
368,187,F,1619,1639333230,Northeast,urban,Family,5
369,2412,F,5951,1841296951,Northeast,non-urban,Neurology,8
370,22,M,86,1629039235,South,urban,Medical,7
371,27,F,152,1538369756,Midwest,urban,Facial Plastic Surgery,6
372,0,M,30,1780602078,West,non-urban,General Practice,7
373,139,M,981,1962654863,West,non-urban,Medical,5
374,86,F,1097,1164728739,South,urban,Medical,2
375,0,F,12,1033377452,Midwest,non-urban,Pain Medicine,5
376,0,M,111,1457466989,Midwest,non-urban,Foot & Ankle Surgery,7
377,56,M,185,1508199324,West,urban,Acute Care,4
378,712,F,793,1164508107,Midwest,non-urban,Infectious Disease,7
379,68,M,422,1659329696,South,urban,Gastroenterology,7
380,39,M,387,1831184357,South,urban,MOHS-Micrographic Surgery,8
381,0,M,101,1417265554,West,non-urban,Surgical Technologist,3
382,62,F,612,1891897823,West,non-urban,Family,7
383,0,M,23,1912295080,Midwest,non-urban,General Practice,2
384,0,M,112,1003832718,South,urban,General Practice,7
385,0,F,66,1720302474,Midwest,non-urban,Foot & Ankle Surgery,3
386,0,F,76,1780940080,Northeast,non-urban,Medical,1
387,12,F,106,1578807061,South,non-urban,Medical,1
388,226,M,1390,1508808940,Northeast,non-urban,Infectious Disease,7
389,0,M,32,1508114018,Northeast,non-urban,Medical,1
390,1108,M,7221,1033107354,South,urban,Geriatric Medicine,8
391,27,M,86,1962401307,Northeast,non-urban,Foot & Ankle Surgery,8
392,38,M,353,1881803344,Northeast,non-urban,Hematology & Oncology,6
393,0,M,47,1730184813,Midwest,non-urban,Surgical Critical Care,8
394,0,F,30,1558696328,Northeast,non-urban,Medical,4
395,11,M,204,1144267782,West,non-urban,Oral and Maxillofacial Surgery,7
396,67,F,918,1376820266,West,non-urban,Medical,2
397,203,F,503,1386629004,South,non-urban,Pain Medicine,8
398,768,M,4003,1467428896,Midwest,urban,Child & Adolescent Psychiatry,7
399,172,M,1486,1548323587,South,urban,Cardiovascular Disease,7
400,17,M,56,1811089402,West,non-urban,Pain Medicine,7
401,0,M,73,1326371410,West,non-urban,General Practice,4
402,640,M,1083,1710979158,Northeast,non-urban,Gastroenterology,8
403,0,M,14,1447262985,West,non-urban,General Practice,7
404,0,M,44,1386690212,Midwest,non-urban,Emergency Medical Services,7
405,165,F,2429,1528099116,South,non-urban,Family,7
406,187,M,1034,1750584843,South,urban,Nephrology,6
407,28,F,353,1487778999,Midwest,urban,Family,6
408,0,M,53,1366654667,South,urban,Sports Medicine,6
409,0,M,133,1710064175,Midwest,urban,Prosthodontics,7
410,14,F,99,1255440020,West,non-urban,Foot & Ankle Surgery,7
411,38,F,96,1174763239,Midwest,urban,Medical,4
412,0,M,19,1952531444,Midwest,non-urban,Medical,4
413,13,M,137,1104972561,Northeast,non-urban,Orthopaedic Surgery of the Spine,6
414,42,F,214,1306005111,Midwest,non-urban,Foot & Ankle Surgery,5
415,34,M,437,1538140231,South,non-urban,Plastic Surgery Within the Head and Neck,8
416,0,F,27,1174669485,South,urban,General Practice,6
417,341,M,2076,1023217866,Northeast,non-urban,Family,6
418,28,M,259,1063435659,Midwest,urban,Foot & Ankle Surgery,7
419,0,F,93,1558512566,Northeast,non-urban,Medical,5
420,0,M,114,1568587517,West,urban,Medical,6
421,0,F,103,1558463521,Midwest,urban,Emergency Medical Services,7
422,0,M,50,1801939459,West,urban,General Practice,6
423,32,F,255,1578658407,South,urban,Hematology & Oncology,7
424,0,M,140,1104902345,West,non-urban,Periodontics,7
425,0,F,107,1861499360,Midwest,urban,Surgical Technologist,8
426,54,F,544,1952310500,South,urban,Hematology,7
427,50,M,502,1902893399,West,urban,Pain Medicine,8
428,1211,F,5863,1447334230,West,urban,Family,7
429,0,M,13,1760427280,West,non-urban,Surgical Technologist,7
430,73,F,338,1659468825,Northeast,non-urban,Medical,7
431,207,F,1698,1881967271,Midwest,urban,Acute Care,1
432,330,F,2412,1427092402,Midwest,urban,Rheumatology,7
433,1517,F,6216,1407896608,Northeast,non-urban,Cardiovascular Disease,7
434,0,M,411,1538305719,South,urban,General Practice,5
435,502,F,1716,1659386324,Northeast,non-urban,Neurology,7
436,0,M,45,1497813869,West,non-urban,Psychiatry,7
437,0,F,49,1033107891,West,non-urban,Family,8
438,0,M,94,1942306469,South,non-urban,General Practice,7
439,131,F,780,1326155516,West,non-urban,Family,7
440,28,M,15,1366597239,West,non-urban,Periodontics,6
441,23,M,818,1578789897,Midwest,urban,Nephrology,6
442,61,M,238,1588688360,West,non-urban,Pain Medicine,7
443,0,F,98,1992862601,Midwest,non-urban,General Practice,6
444,65,M,321,1033185152,Midwest,non-urban,Foot & Ankle Surgery,7
445,498,F,3606,1225364748,South,non-urban,Medical,4
446,0,F,145,1851308290,West,non-urban,Periodontics,7
447,0,M,129,1225194319,West,urban,General Practice,7
448,303,M,1924,1790741189,South,urban,Neurology,7
449,487,M,2639,1952305757,Midwest,non-urban,Rheumatology,8
450,0,F,25,1760635692,Midwest,urban,Acute Care,5
451,16,M,321,1508887191,South,urban,Hematology & Oncology,7
452,0,M,225,1932156387,Midwest,non-urban,Oral and Maxillofacial Surgery,7
453,51,F,242,1790972032,Northeast,urban,Adult Health,6
454,0,M,86,1578599304,South,urban,Radiation Oncology,7
455,0,M,97,1518922079,West,non-urban,Emergency Medical Services,7
456,0,M,101,1295886083,South,non-urban,General Practice,6
457,128,F,1263,1689624512,South,urban,Family,7
458,0,M,474,1467447136,Northeast,non-urban,Oral and Maxillofacial Surgery,8
459,0,F,118,1639264849,Midwest,urban,Medical,7
460,0,M,125,1215072178,West,urban,Periodontics,6
461,317,M,3180,1023054434,South,urban,Psychiatry,7
462,919,M,2255,1053411272,Northeast,non-urban,Pulmonary Disease,7
463,0,M,14,1932151420,Midwest,non-urban,Radiation Oncology,7
464,156,F,1256,1154613230,South,urban,Family,2
465,0,F,12,1679632160,Midwest,urban,Family,7
466,23,M,817,1881704179,South,urban,Emergency Medical Services,7
467,0,M,459,1598844052,South,urban,General Practice,7
468,0,M,208,1346287406,South,urban,Emergency Medical Services,7
469,0,F,79,1710091822,Midwest,non-urban,Geriatric Medicine,7
470,68,F,884,1033239611,South,non-urban,Family,6
471,0,M,30,1477789527,South,non-urban,General Practice,4
472,47,M,537,1487703195,South,non-urban,Foot & Ankle Surgery,6
473,191,M,1326,1669777009,Northeast,non-urban,Medical,2
474,159,F,2682,1225307804,West,non-urban,Gerontology,2
475,855,M,1545,1013907963,South,urban,Infectious Disease,8
476,2341,M,6048,1255314514,West,non-urban,Cardiovascular Disease,8
477,68,F,832,1225279433,South,non-urban,Acute Care,4
478,0,F,27,1144518580,Northeast,non-urban,Family,2
479,0,M,202,1831149921,South,urban,Foot Surgery,7
480,385,F,3467,1902196686,South,urban,Family,2
481,197,F,1617,1316019235,South,non-urban,Family,7
482,211,F,686,1275708109,Midwest,non-urban,Nephrology,5
483,767,M,234,1023003936,South,urban,Infectious Disease,8
484,1058,M,6527,1427166222,South,non-urban,Adult Medicine,7
485,166,F,1057,1710134614,Midwest,urban,Family,5
486,0,M,77,1962562504,South,urban,Oral and Maxillofacial Surgery,7
487,0,M,61,1760533459,Midwest,non-urban,General Practice,6
488,37,M,275,1730227299,South,urban,Medical,6
489,40,F,585,1316237415,Northeast,non-urban,Primary Care,2
490,270,M,562,1275598757,South,non-urban,Gastroenterology,7
491,446,M,3032,1669434619,West,urban,Cardiovascular Disease,7
492,506,M,3384,1043379605,West,non-urban,Geriatric Medicine,7
493,802,M,3338,1609965409,Northeast,non-urban,Infectious Disease,7
494,0,F,44,1386606127,South,non-urban,General Practice,7
495,346,M,1191,1760564322,West,non-urban,Pulmonary Disease,7
496,0,M,62,1801066493,South,urban,General Practice,5
497,81,M,209,1427082734,South,urban,Hematology & Oncology,7
498,89,M,347,1629038419,Midwest,urban,Interventional Pain Medicine,7
499,0,M,591,1528028925,South,urban,Vascular Surgery,7
500,113,M,958,1841347192,South,non-urban,Cardiovascular Disease,6
501,0,F,89,1639183635,South,non-urban,Adult Health,7
502,13,F,155,1093932436,Midwest,non-urban,Acute Care,6
503,0,M,41,1174568174,Northeast,non-urban,Oral and Maxillofacial Surgery,7
504,241,M,420,1639153554,South,urban,Gastroenterology,8
505,199,M,494,1407966690,Midwest,non-urban,Gastroenterology,7
506,3064,M,15492,1023097177,South,non-urban,Geriatric Medicine,7
507,311,F,3275,1669741732,Northeast,non-urban,Family,2
508,0,M,60,1407823792,South,non-urban,Sports Medicine,7
509,473,M,370,1093748428,South,non-urban,Infectious Disease,7
510,0,F,117,1588676001,West,non-urban,General Practice,7
511,16,F,145,1346322831,South,non-urban,Orthopedic,7
512,0,M,223,1164430211,West,urban,General Practice,7
513,0,M,322,1437233533,Midwest,non-urban,Medical Oncology,7
514,12,M,359,1861643330,West,non-urban,Interventional Pain Medicine,5
515,11,M,216,1033107560,South,non-urban,Foot Surgery,8
516,491,M,2144,1861428260,South,non-urban,Cardiovascular Disease,7
517,438,M,1033,1447224829,Midwest,urban,Nephrology,7
518,85,M,540,1164661674,South,non-urban,Family,4
519,0,F,40,1528384252,South,urban,Family,3
520,180,F,1195,1730465618,Northeast,urban,Medical,2
521,0,M,129,1447229570,West,non-urban,Sports Medicine,7
522,13,M,489,1447380605,West,non-urban,Periodontics,6
523,373,M,2744,1871523324,Northeast,non-urban,Rheumatology,7
524,174,M,725,1992979736,South,non-urban,Hematology & Oncology,5
525,0,M,40,1306065917,Northeast,non-urban,Endodontics,6
526,237,M,844,1841353661,West,urban,Medical Oncology,7
527,227,M,1389,1659319853,South,non-urban,Neurology,7
528,1711,M,8416,1386638435,South,urban,Rheumatology,8
529,0,M,49,1649341066,South,urban,General Practice,7
530,18,F,452,1538331624,Northeast,non-urban,Family,5
531,0,M,76,1265695464,South,non-urban,Adult Medicine,5
532,459,M,760,1205981230,Northeast,non-urban,Gynecology,6
533,274,F,1659,1063532125,Northeast,non-urban,Nephrology,6
534,0,M,15,1518074210,Northeast,non-urban,Surgical Technologist,7
535,32,M,95,1942528534,Northeast,non-urban,Pain Medicine,3
536,98,F,241,1093766784,Midwest,urban,Adult Health,7
537,4127,M,13553,1538252226,Northeast,non-urban,Geriatric Medicine,7
538,0,M,72,1801101134,South,urban,General Practice,3
539,160,M,1186,1942489554,West,non-urban,Gastroenterology,6
540,664,M,1760,1710984711,Midwest,non-urban,Neurology,8
541,0,F,233,1619931920,Midwest,non-urban,Family,7
542,396,M,541,1760471007,South,urban,Pulmonary Disease,8
543,282,F,704,1386667301,Midwest,urban,Nephrology,7
544,0,F,86,1780861146,South,urban,Vascular Surgery,5
545,0,M,53,1255685962,South,urban,General Practice,1
546,49,F,140,1306872585,West,non-urban,Sports Medicine,7
547,26,F,265,1336277599,Northeast,non-urban,Gerontology,6
548,0,M,27,1265455422,Midwest,non-urban,General Practice,7
549,0,F,91,1689857088,South,non-urban,Medical,6
550,164,F,1758,1629342951,South,urban,Adult Health,1
551,0,M,109,1922205343,West,non-urban,General Practice,6
552,0,M,55,1457545048,West,non-urban,General Practice,6
553,257,M,1480,1093822108,South,non-urban,Psychiatry,7
554,0,M,53,1366561250,Northeast,non-urban,General Practice,6
555,554,M,3400,1154333961,Midwest,non-urban,Geriatric Medicine,7
556,0,M,29,1942313408,South,non-urban,General Practice,7
557,0,F,12,1326262023,Midwest,urban,Adult Health,6
558,0,M,29,1568591865,South,urban,General Practice,6
559,72,F,494,1700180536,Midwest,non-urban,Medical,2
560,0,F,63,1891801544,South,urban,General Practice,7
561,310,M,2128,1568615243,South,urban,Cardiovascular Disease,5
562,15,F,247,1386841260,Midwest,non-urban,Neurology,6
563,0,F,95,1437350675,Northeast,non-urban,Oral and Maxillofacial Surgery,6
564,129,M,714,1336247691,Northeast,non-urban,Neurology,7
565,79,F,542,1871859439,South,non-urban,Family,1
566,0,M,165,1003031337,South,urban,General Practice,6
567,18,M,455,1942310180,South,urban,Hand Surgery,7
568,1119,M,2155,1588661409,Midwest,urban,Neurology,8
569,259,F,2334,1992789069,Midwest,urban,Family,8
570,171,M,1078,1932196375,South,urban,Foot & Ankle Surgery,8
571,23,M,436,1053317479,Midwest,non-urban,Primary Podiatric Medicine,8
572,0,M,124,1124159249,South,urban,General Practice,6
573,247,F,1082,1689869075,Northeast,urban,Surgical Technologist,6
574,119,F,1059,1225373848,South,non-urban,Medical,1
575,335,M,3606,1285610253,South,urban,Rheumatology,8
576,767,M,7454,1285613901,Midwest,non-urban,Interventional Cardiology,7
577,121,F,528,1922071422,West,non-urban,Family,7
578,208,M,944,1134374424,South,urban,Medical,5
579,778,M,1303,1932152212,Midwest,urban,Gastroenterology,7
580,0,M,70,1235341579,South,non-urban,General Practice,6
581,619,F,3835,1487792867,Midwest,urban,Medical,6
582,715,M,4705,1396988762,South,urban,Primary Care,4
583,12,M,212,1154374262,South,urban,Vascular Surgery,7
584,51,F,256,1689712242,West,non-urban,Medical,6
585,0,F,94,1801028766,Midwest,non-urban,General Practice,4
586,23,M,69,1427072354,South,non-urban,General Practice,7
587,0,M,25,1801944897,West,urban,Plastic Surgery within the Head & Neck,6
588,0,F,86,1790947604,South,urban,General Practice,5
589,150,M,735,1295786671,Midwest,non-urban,Nephrology,7
590,0,M,47,1154300960,West,urban,General Practice,7
591,0,F,153,1083963581,Midwest,non-urban,Family,1
592,0,M,55,1609034156,West,non-urban,Oral and Maxillofacial Surgery,5
593,0,M,151,1073609079,Midwest,urban,General Practice,7
594,0,M,166,1710120761,South,non-urban,Oral and Maxillofacial Surgery,4
595,0,M,23,1407829112,Midwest,non-urban,Periodontics,7
596,0,F,253,1710997671,South,non-urban,Nephrology,7
597,31,M,417,1295774826,West,non-urban,Medical,7
598,79,M,1075,1285784850,Midwest,urban,Psychiatry,6
599,124,F,631,1487643680,Midwest,non-urban,Neurology,8
600,397,M,1593,1629036868,Northeast,urban,Rheumatology,7
601,2763,M,9662,1174619100,South,non-urban,Interventional Cardiology,7
602,178,F,1184,1669533550,South,urban,Acute Care,7
603,841,F,5991,1598979320,South,non-urban,Geriatric Medicine,6
604,26,M,65,1093863169,West,non-urban,Otology & Neurotology,6
605,26,F,164,1770869406,South,urban,Acute Care,2
606,37,M,351,1124087747,Midwest,urban,Psychiatry,7
607,265,F,1446,1518945328,West,non-urban,Family,7
608,348,F,3331,1174535033,South,urban,Pain Medicine,7
609,0,M,53,1023199213,South,non-urban,General Practice,7
610,0,M,28,1306918115,Northeast,non-urban,Surgical Technologist,7
611,514,M,1526,1962438713,South,urban,Gastroenterology,7
612,0,M,86,1144298928,West,non-urban,Interventional Pain Medicine,7
613,0,M,31,1679520456,West,non-urban,Emergency Medical Services,7
614,0,M,301,1407930134,Midwest,urban,General Practice,7
615,37,M,601,1043442924,South,non-urban,Medical,4
616,0,M,27,1467654178,Northeast,urban,General Practice,6
617,78,F,1091,1831461839,South,non-urban,Adult Health,1
618,107,M,824,1871541250,South,urban,Medical,7
619,32,M,670,1215940838,South,non-urban,Orthopaedic Surgery of the Spine,7
620,199,M,1493,1376588434,Midwest,urban,Pain Medicine,7
621,66,M,1031,1124128046,South,urban,Hematology & Oncology,7
622,52,M,776,1700838554,Midwest,non-urban,Psychiatry,7
623,0,M,68,1295780062,West,non-urban,Medical,7
624,40,F,218,1982657078,West,urban,Pain Medicine,7
625,0,M,83,1053327429,West,urban,General Practice,7
626,0,F,225,1922339126,Midwest,non-urban,Medical,3
627,37,F,774,1477898021,South,non-urban,Family,1
628,12,M,36,1629002399,Northeast,non-urban,Neurology,7
629,47,F,231,1891987343,South,urban,Family,6
630,451,F,2264,1467517060,South,non-urban,Family,7
631,17,F,452,1043204266,South,non-urban,Family,8
632,657,M,3507,1396791810,South,urban,General Practice,7
633,644,M,1617,1619282126,South,urban,Medical,3
634,0,M,105,1063493757,West,urban,Radiation Oncology,8
635,0,F,11,1124083779,Midwest,non-urban,Surgical Technologist,7
636,0,M,58,1003907114,South,non-urban,Otolaryngology/Facial Plastic Surgery,7
637,0,M,33,1720287774,West,urban,General Practice,6
638,85,F,1070,1770812331,West,urban,Family,4
639,937,M,5505,1447367966,West,urban,Critical Care Medicine,7
640,88,F,422,1841273943,South,non-urban,Hematology & Oncology,8
641,351,M,1887,1861694861,West,non-urban,Neurology,6
642,45,F,744,1790704146,South,non-urban,Family,7
643,269,M,263,1265579536,Northeast,urban,Pulmonary Disease,6
644,49,M,355,1275635971,South,non-urban,Hematology & Oncology,7
645,0,M,215,1851436349,South,urban,General Practice,6
646,417,F,5669,1316968480,Midwest,non-urban,Psychiatry,7
647,0,M,80,1346234796,South,non-urban,Orthopaedic Surgery of the Spine,8
648,0,M,133,1689723199,South,non-urban,Endodontics,6
649,19,F,12,1790930741,South,urban,Surgical Technologist,5
650,22,F,157,1275814659,Midwest,urban,Family,2
651,1610,M,3820,1851349989,South,non-urban,Neurology,7
652,789,F,5387,1154354306,West,non-urban,Family,7
653,63,M,1911,1730357229,West,urban,Acute Care,5
654,0,M,67,1609977891,West,urban,General Practice,7
655,0,F,128,1962783589,South,non-urban,Surgical Technologist,2
656,63,M,1434,1265575922,Midwest,urban,Pain Medicine,6
657,0,M,78,1407925837,Northeast,non-urban,Oral and Maxillofacial Surgery,7
658,0,M,466,1104857846,West,non-urban,Interventional Pain Medicine,7
659,118,F,1063,1336150275,West,non-urban,Gerontology,7
660,0,F,81,1700041761,South,non-urban,General Practice,5
661,0,M,47,1215014980,West,non-urban,Emergency Medical Services,7
662,27,F,243,1174524573,Midwest,non-urban,Acute Care,8
663,188,F,2906,1184620148,Northeast,urban,Pain Medicine,8
664,0,F,17,1790004596,Midwest,non-urban,Surgical Technologist,3
665,31,F,556,1588929319,South,urban,Family,1
666,70,M,429,1225015761,Northeast,non-urban,Neurology,8
667,485,M,2895,1215027990,West,non-urban,Geriatric Medicine,7
668,400,F,2681,1962445627,South,non-urban,Pediatrics,7
669,39,M,306,1134224595,Northeast,non-urban,Hematology & Oncology,7
670,12,F,366,1346415734,Northeast,non-urban,Hematology & Oncology,5
671,2257,M,7265,1013904093,Midwest,urban,Cardiovascular Disease,8
672,0,M,83,1033175492,Midwest,non-urban,Oral and Maxillofacial Surgery,7
673,70,M,468,1982611687,Midwest,non-urban,Psychiatry,7
674,0,M,68,1437183639,Midwest,urban,Family,7
675,734,M,6352,1013922988,South,urban,Adult Medicine,7
676,0,M,241,1790808004,West,non-urban,Periodontics,6
677,0,M,121,1396806584,South,non-urban,General Practice,7
678,0,M,215,1437116548,South,urban,Gynecologic Oncology,7
679,161,F,913,1275537045,Midwest,non-urban,Family,8
680,21,F,158,1629201181,South,urban,Acute Care,4
681,1943,M,9199,1841224300,South,non-urban,Cardiovascular Disease,7
682,255,F,241,1952471484,West,non-urban,Infectious Disease,7
683,0,F,342,1780772541,South,non-urban,MOHS-Micrographic Surgery,7
684,236,F,2072,1144391517,Northeast,non-urban,Family,7
685,664,F,181,1518965532,Northeast,non-urban,Infectious Disease,8
686,0,M,201,1144218231,West,urban,Hand Surgery,8
687,0,M,140,1043347594,South,urban,General Practice,6
688,0,F,113,1770848434,South,urban,Family,1
689,105,F,1166,1194751354,South,non-urban,Medical Oncology,7
690,426,F,1950,1225183163,South,non-urban,Family,6
691,692,M,6255,1437119286,South,urban,Cardiovascular Disease,7
692,171,F,144,1023173721,Northeast,non-urban,Infectious Disease,7
693,0,F,49,1275792095,Midwest,non-urban,Surgical Technologist,5
694,0,M,52,1841388667,South,non-urban,General Practice,7
695,0,M,221,1275672230,Midwest,non-urban,Oral and Maxillofacial Surgery,6
696,79,M,629,1285603886,Midwest,urban,Hematology & Oncology,7
697,0,M,49,1497939490,South,urban,General Practice,6
698,0,M,220,1831412485,West,non-urban,Surgical Technologist,3
699,179,F,638,1912953829,South,non-urban,Family,7
700,130,F,1046,1043569437,Northeast,non-urban,Family,1
701,0,M,52,1538383914,South,non-urban,General Practice,6
702,942,M,2731,1215935275,South,non-urban,Neurology,8
703,698,F,3595,1023030350,South,urban,Primary Care,7
704,26,F,230,1417954892,Northeast,non-urban,Medical,8
705,0,M,118,1417152612,South,urban,General Practice,6
706,140,F,876,1831449990,South,urban,Family,1
707,0,F,122,1922338086,South,non-urban,Adult Health,3
708,0,F,53,1801149646,Northeast,urban,Acute Care,1
709,0,M,657,1528026119,Northeast,urban,Addiction Psychiatry,7
710,0,F,107,1457599037,West,non-urban,General Practice,4
711,17,M,238,1003933961,Midwest,urban,General Practice,6
712,0,M,183,1356559421,West,non-urban,Endodontics,6
713,0,M,59,1932142056,South,urban,Medical,7
714,76,M,711,1073517678,West,non-urban,Pain Medicine,8
715,5403,M,21199,1669546651,West,non-urban,Pulmonary Disease,7
716,259,M,654,1174618300,Midwest,non-urban,Pediatric Urology,7
717,0,M,100,1205923224,West,non-urban,Occupational Medicine,7
718,0,F,66,1992865968,South,non-urban,General Practice,7
719,0,M,183,1508911819,Northeast,non-urban,General Practice,6
720,883,M,1584,1356366306,Northeast,non-urban,Neurology,7
721,629,M,4170,1528139524,West,non-urban,Cardiovascular Disease,7
722,0,M,99,1417920117,South,non-urban,Foot & Ankle Surgery,7
723,0,M,78,1891776142,South,urban,Medical,8
724,0,M,41,1306984505,Midwest,non-urban,Sports Medicine,6
725,37,F,290,1063710564,South,urban,Acute Care,2
726,0,F,150,1245271378,South,non-urban,Emergency Medical Services,7
727,482,F,3166,1568574457,South,urban,Nephrology,7
728,526,F,1596,1215998125,West,urban,Neurology,7
729,0,M,68,1396871240,South,non-urban,General Practice,6
730,3201,M,10488,1841354537,Northeast,non-urban,Geriatric Medicine,7
731,240,F,1029,1851331714,South,non-urban,Medical,7
732,64,M,206,1578513453,Northeast,urban,Foot & Ankle Surgery,7
733,15,M,44,1225185770,South,non-urban,General Practice,6
734,0,F,41,1588708523,South,non-urban,General Practice,6
735,0,F,155,1083655724,South,urban,Family,7
736,0,M,38,1326289406,South,urban,Pain Medicine,4
737,389,M,1658,1477665420,Northeast,urban,Pain Medicine,7
738,865,F,5857,1285604421,Midwest,urban,Adult Health,7
739,0,M,14,1821102054,Northeast,non-urban,Pain Medicine,7
740,0,F,16,1750578381,South,urban,General Practice,6
741,117,M,726,1629138359,South,non-urban,Neurology,7
742,0,M,16,1720171424,South,non-urban,General Practice,7
743,0,M,41,1871607994,Midwest,non-urban,General Practice,7
744,0,M,498,1023028941,South,urban,Periodontics,7
745,0,M,44,1982779146,West,urban,General Practice,7
746,0,F,13,1407897887,Midwest,non-urban,Pediatric Critical Care Medicine,7
747,1441,M,5715,1598756942,West,urban,Medical,8
748,158,M,746,1104828987,West,non-urban,Neurology,8
749,1080,F,5156,1598851628,Northeast,non-urban,Geriatric Medicine,7
750,148,M,1957,1831183342,Midwest,non-urban,Hematology & Oncology,8
751,3739,M,15853,1265496301,West,urban,Adult Medicine,7
752,34,F,1093,1821017435,Northeast,non-urban,Family,7
753,339,F,822,1922327121,South,urban,Family,3
754,538,M,2025,1982630711,South,urban,Neurology,7
755,0,M,173,1437258498,West,non-urban,Neurology,7
756,35,M,951,1013003425,Midwest,non-urban,Hematology & Oncology,7
757,52,M,608,1225034796,South,urban,Medical,8
758,0,F,78,1366454753,South,urban,Surgical Oncology,7
759,307,F,4547,1144380940,West,non-urban,Primary Care,7
760,0,M,118,1700051612,Northeast,non-urban,Gynecologic Oncology,5
761,1223,F,7657,1902816838,Northeast,non-urban,Geriatric Medicine,7
762,0,F,18,1144400482,Northeast,non-urban,Acute Care,6
763,0,M,191,1255430849,West,non-urban,Oral and Maxillofacial Surgery,7
764,0,F,35,1972819068,South,urban,General Practice,3
765,16,M,603,1881636009,West,non-urban,Hand Surgery,7
766,58,F,268,1396933370,South,non-urban,Medical Oncology,6
767,0,F,35,1912146226,South,non-urban,Family,4
768,0,F,87,1184634115,Northeast,non-urban,General Practice,7
769,0,M,75,1194833624,Midwest,non-urban,Oral and Maxillofacial Surgery,7
770,96,M,254,1487659876,South,urban,Gynecologic Oncology,8
771,35,F,384,1518935790,West,non-urban,Family,7
772,328,M,676,1043250590,South,urban,Hematology & Oncology,7
773,111,M,116,1407825755,Midwest,urban,Sports Medicine,7
774,0,M,113,1588976377,West,non-urban,Foot & Ankle Surgery,3
775,121,F,1513,1508101965,West,urban,Family,1
776,0,M,69,1609858356,West,non-urban,Oral and Maxillofacial Surgery,8
777,0,F,13,1770690471,Northeast,non-urban,Radiation Oncology,7
778,0,M,44,1629198213,West,urban,Foot & Ankle Surgery,6
779,247,M,1004,1881686913,Northeast,non-urban,Gastroenterology,8
780,60,M,103,1932229911,South,non-urban,Neurology,6
781,0,M,85,1982667630,West,non-urban,Vascular Surgery,7
782,0,M,68,1548340409,Midwest,urban,Emergency Medical Services,7
783,0,M,44,1962612465,West,non-urban,General Practice,6
784,168,F,2341,1386924256,South,urban,Family,2
785,72,F,839,1881621324,West,urban,Infectious Disease,7
786,0,M,26,1336174606,West,urban,Emergency Medical Services,7
787,2008,F,7864,1619935624,South,non-urban,Rheumatology,7
788,0,M,227,1356558282,Midwest,urban,Oral and Maxillofacial Surgery,6
789,0,M,26,1568666022,West,non-urban,Hand Surgery,6
790,12,M,366,1760542153,West,urban,Oral and Maxillofacial Pathology,7
791,48,M,1081,1598727083,South,non-urban,Medical Oncology,7
792,0,M,28,1548310865,Midwest,non-urban,General Practice,6
793,111,F,919,1790752483,South,urban,Family,7
794,0,M,182,1396862728,West,non-urban,Oral and Maxillofacial Surgery,6
795,65,F,889,1083994248,South,non-urban,Family,2
796,0,M,112,1578877288,South,non-urban,General Practice,3
797,33,F,483,1669452835,Northeast,non-urban,Adult Health,7
798,287,M,527,1538182704,Northeast,non-urban,Neurology,7
799,16,F,83,1538123336,Northeast,non-urban,Adult Health,7
800,11,F,633,1740255744,West,urban,Medical Oncology,7
801,0,M,126,1518003813,Midwest,urban,General Practice,6
802,11,F,201,1457301459,Midwest,urban,General Practice,7
803,0,M,35,1033386693,South,non-urban,General Practice,5
804,11,M,189,1083637151,South,urban,Medical Oncology,7
805,0,M,98,1376763813,West,non-urban,General Practice,6
806,0,M,76,1770515900,South,non-urban,Radiation Oncology,7
807,402,M,484,1871607556,Midwest,urban,Pulmonary Disease,7
808,0,F,423,1528000122,South,urban,Family,7
809,0,M,70,1437211455,West,non-urban,Dental Public Health,7
810,360,F,2148,1396922423,South,non-urban,Acute Care,5
811,20,M,195,1043448434,Midwest,non-urban,Family,4
812,831,M,5378,1649323809,Midwest,non-urban,Medical,6
813,1129,F,6260,1104929587,South,urban,Psychiatry,7
814,116,F,547,1477833382,West,non-urban,Family,2
815,99,M,559,1649287129,South,non-urban,Medical Oncology,7
816,0,M,160,1396724571,South,urban,Vascular Surgery,7
817,658,M,194,1679511638,West,non-urban,Pain Medicine,7
818,1131,M,1318,1497765069,West,non-urban,Infectious Disease,7
819,286,M,1317,1013912740,South,urban,Nephrology,8
820,0,F,84,1598731382,South,urban,Medical,7
821,202,F,1283,1225256779,Midwest,urban,Adult Health,6
822,0,M,59,1831141506,Midwest,urban,Adult Reconstructive Orthopaedic Surgery,7
823,0,M,170,1861436875,South,urban,Foot & Ankle Surgery,7
824,581,M,3830,1750391504,Midwest,non-urban,Medical,7
825,79,F,726,1235308909,South,urban,Medical,5
826,80,M,531,1033175351,Northeast,non-urban,Hematology & Oncology,7
827,147,F,1129,1619948486,South,non-urban,Family,7
828,0,M,40,1225078074,South,urban,Surgical Technologist,7
829,0,M,153,1649358300,West,non-urban,Oral and Maxillofacial Surgery,7
830,0,M,64,1225277072,South,urban,Emergency Medical Services,4
831,2073,M,9936,1831109743,South,urban,"Endocrinology, Diabetes & Metabolism",7
832,70,M,906,1568460145,Midwest,non-urban,Nephrology,8
833,0,M,36,1760647259,West,non-urban,Family,5
834,188,F,798,1104886035,South,non-urban,Neurology,7
835,94,F,497,1699061671,South,non-urban,Medical,2
836,0,M,11,1871797365,South,non-urban,Diagnostic Radiology,6
837,71,M,328,1487746111,Northeast,non-urban,Psychiatry,7
838,150,M,373,1487653093,South,urban,Gynecology,8
839,0,M,229,1396830493,West,urban,General Practice,7
840,1324,F,6333,1144221110,Northeast,non-urban,Geriatric Medicine,8
841,800,F,3557,1447251442,Midwest,urban,Family,8
842,0,F,76,1881672996,West,urban,Medical,7
843,1016,M,6535,1851346423,South,non-urban,Geriatric Medicine,7
844,255,F,1935,1235347055,South,non-urban,Family,6
845,35,F,441,1659620805,South,urban,Acute Care,1
846,17,M,245,1912948746,Northeast,non-urban,Oral and Maxillofacial Surgery,7
847,0,M,314,1689953937,Northeast,non-urban,Family,2
848,0,M,119,1669512182,South,non-urban,General Practice,6
849,0,M,84,1104917368,Midwest,non-urban,General Practice,7
850,214,F,3001,1467543488,South,non-urban,Family,7
851,0,M,275,1972610509,South,urban,Oral and Maxillofacial Surgery,7
852,0,M,74,1093803934,South,non-urban,General Practice,7
853,0,F,52,1780617092,Midwest,non-urban,Psychiatry,7
854,0,M,89,1104970292,Midwest,urban,General Practice,6
855,0,M,26,1750633483,South,urban,General Practice,1
856,12,M,193,1437145612,South,urban,Emergency Medical Services,8
857,0,F,38,1699842989,West,urban,Family,7
858,119,F,623,1447347281,West,urban,Family,7
859,104,M,1739,1326073610,Northeast,non-urban,Rheumatology,7
860,120,M,793,1568425072,South,non-urban,Neurology,7
861,672,F,1312,1568562767,South,urban,Neurology,7
862,1987,F,5480,1497720981,Midwest,urban,Adult Health,7
863,0,M,301,1760411920,West,non-urban,Surgical Technologist,7
864,1334,F,8441,1164414538,South,urban,Primary Care,8
865,382,F,1506,1457666299,South,urban,Gerontology,3
866,585,M,1933,1073567392,South,urban,Neurology,7
867,61,F,565,1922239367,Midwest,non-urban,Adult Health,4
868,236,M,1134,1922355312,South,non-urban,Acute Care,1
869,667,M,2056,1780612291,West,urban,Neurology,7
870,0,M,78,1639129794,South,urban,General Practice,7
871,539,F,2180,1518923903,South,urban,Acute Care,7
872,317,M,1231,1578546578,West,urban,Rheumatology,8
873,0,M,228,1174673024,West,non-urban,General Practice,6
874,0,M,29,1316258478,West,non-urban,General Practice,3
875,22,M,89,1558570218,West,non-urban,Prosthodontics,6
876,35,F,664,1831380963,Northeast,urban,Otolaryngology/Facial Plastic Surgery,6
877,153,F,843,1134113012,Midwest,urban,Hematology & Oncology,8
878,67,M,1171,1861551335,Northeast,non-urban,Family,7
879,0,M,405,1376511287,Midwest,non-urban,Foot Surgery,7
880,0,M,57,1831403807,South,urban,General Practice,3
881,0,F,19,1467697169,Northeast,non-urban,Adult Health,5
882,0,M,63,1417952763,South,non-urban,General Practice,8
883,76,M,414,1710916291,Midwest,urban,Gastroenterology,7
884,31,F,103,1043315898,West,non-urban,Adult Health,7
885,298,M,1323,1740282375,Northeast,non-urban,Neurology,8
886,497,F,2336,1861671059,West,non-urban,Rheumatology,6
887,170,M,1512,1720155641,West,non-urban,Neurology,7
888,16,M,238,1255414884,South,non-urban,General Practice,7
889,0,M,17,1841472792,South,non-urban,General Practice,6
890,212,M,1119,1003894619,Midwest,non-urban,Adolescent Medicine,7
891,78,M,427,1669529608,Midwest,urban,Medical Oncology,6
892,0,M,44,1770818031,West,urban,General Practice,4
893,32,F,200,1821349200,South,non-urban,Medical,1
894,29,F,163,1194034249,West,non-urban,Medical,3
895,63,F,186,1861567158,West,urban,Family,7
896,0,M,499,1497842132,Midwest,non-urban,Periodontics,7
897,0,M,333,1467465930,West,non-urban,Vascular Surgery,7
898,0,F,12,1144339961,Midwest,urban,Surgical Technologist,7
899,0,F,51,1477748341,Northeast,urban,Surgical Technologist,6
900,1124,M,7006,1053405282,West,non-urban,Geriatric Medicine,7
901,0,F,27,1932203064,South,urban,Pediatrics,7
902,0,M,43,1871669838,West,non-urban,Family,7
903,14,M,145,1619037496,West,non-urban,Adult Reconstructive Orthopaedic Surgery,7
904,28,M,183,1336130806,West,non-urban,Medical Oncology,8
905,915,M,746,1043312093,Northeast,non-urban,Pulmonary Disease,7
906,0,M,192,1003976994,West,non-urban,Oral and Maxillofacial Surgery,7
907,66,M,263,1427099001,Northeast,non-urban,Hematology & Oncology,7
908,283,F,1457,1245288810,Midwest,non-urban,Cardiovascular Disease,7
909,159,F,1278,1598098196,South,non-urban,Family,4
910,62,M,438,1942258314,South,non-urban,Infectious Disease,7
911,839,M,3376,1750579223,West,non-urban,Pulmonary Disease,6
912,778,F,3641,1689920209,South,urban,Family,1
913,16,M,176,1386694511,South,non-urban,Emergency Medical Services,7
914,51,M,174,1841236668,South,urban,Foot & Ankle Surgery,7
915,448,F,1588,1093086761,Midwest,urban,Family,1
916,0,M,37,1912082280,West,urban,General Practice,7
917,0,M,383,1679791529,Northeast,urban,General Practice,6
918,104,M,221,1598923161,Northeast,non-urban,Pain Medicine,5
919,0,M,144,1942213319,South,non-urban,General Practice,7
920,90,F,1440,1366734592,West,non-urban,Family,2
921,85,F,748,1851697098,South,urban,Family,2
922,990,F,3887,1174501993,South,non-urban,Family,7
923,0,M,12,1285729657,Midwest,non-urban,Diagnostic Radiology,7
924,789,M,6233,1659474542,West,urban,Geriatric Medicine,7
925,0,M,111,1609973635,South,non-urban,General Practice,7
926,221,F,2161,1174613848,Northeast,urban,Family,7
927,0,M,359,1912949934,Northeast,urban,Oral and Maxillofacial Surgery,7
928,12,M,94,1073505582,West,non-urban,Adult Reconstructive Orthopaedic Surgery,8
929,1482,M,5532,1043303233,Northeast,non-urban,Cardiovascular Disease,7
930,0,M,323,1942532460,South,urban,Surgical Technologist,3
931,0,F,63,1386825552,Northeast,non-urban,Adult Health,6
932,278,M,1055,1023197902,South,urban,Gastroenterology,7
933,103,M,1307,1194846923,South,non-urban,Nephrology,6
934,19,M,360,1013036060,Northeast,urban,Rheumatology,6
935,865,M,2093,1679539837,West,urban,Nephrology,7
936,53,F,93,1902923220,South,urban,Family,6
937,501,M,1637,1760423362,Midwest,urban,Psychiatry,7
938,0,M,63,1881845501,South,urban,Radiation Oncology,5
939,77,M,582,1114919800,South,non-urban,Infectious Disease,8
940,166,F,969,1477651677,Northeast,non-urban,Family,7
941,0,F,82,1447537410,Northeast,non-urban,Medical,2
942,0,M,128,1386994333,Northeast,urban,Medical,1
943,12,F,106,1942563283,Northeast,non-urban,Family,1
944,0,M,44,1346550316,South,urban,Family,3
945,0,M,203,1962538462,West,non-urban,Foot & Ankle Surgery,6
946,73,F,968,1689820870,Midwest,non-urban,Family,5
947,559,M,5630,1104859115,South,non-urban,Cardiovascular Disease,7
948,221,F,1404,1104811157,South,urban,Adult Health,8
949,12,F,171,1679895965,West,non-urban,Adult Health,3
950,373,M,2666,1407871262,Midwest,non-urban,Medical,7
951,0,F,107,1518925700,South,non-urban,General Practice,7
952,0,M,202,1619171386,Northeast,non-urban,Oral and Maxillofacial Surgery,6
953,0,M,51,1447394556,South,non-urban,Periodontics,6
954,26,M,252,1629015672,Northeast,non-urban,Pain Medicine,7
955,554,M,2628,1245328228,West,urban,Infectious Disease,7
956,329,F,2416,1073873717,Northeast,non-urban,Adult Health,1
957,0,M,328,1497731723,Northeast,urban,Oral and Maxillofacial Surgery,8
958,74,M,403,1215924535,South,urban,Hematology & Oncology,8
959,220,M,1306,1053389353,South,urban,Gastroenterology,7
960,72,F,659,1558517136,South,urban,Family,5
961,0,M,107,1215011218,West,non-urban,Foot Surgery,7
962,108,F,530,1215992094,West,non-urban,Pain Medicine,7
963,0,M,11,1457519829,West,non-urban,Medical,5
964,162,M,1145,1194860049,Midwest,urban,Medical,6
965,50,F,238,1720353592,South,urban,Adult Health,1
966,0,M,188,1386632420,South,non-urban,Oral and Maxillofacial Pathology,8
967,161,M,940,1134282957,South,urban,Otolaryngic Allergy,7
968,0,F,36,1003123605,Northeast,non-urban,General Practice,3
969,604,F,3595,1538463534,Northeast,non-urban,Family,2
970,682,F,1421,1457456568,West,non-urban,Neurology,7
971,609,F,5679,1649550708,South,non-urban,Family,2
972,829,F,5930,1649557208,Northeast,non-urban,Medical,2
973,0,F,26,1598021446,Northeast,non-urban,Adult Health,1
974,711,M,1903,1457326522,South,urban,Gastroenterology,7
975,0,M,57,1528281391,West,non-urban,Plastic and Reconstructive Surgery,6
976,591,M,4477,1508863531,Midwest,non-urban,Gastroenterology,8
977,471,F,2637,1306122759,South,non-urban,Family,2
978,0,F,13,1851492250,Midwest,non-urban,Family,7
979,135,F,583,1528156668,Midwest,non-urban,Family,7
980,0,M,241,1073653028,Northeast,urban,Endodontics,6
981,0,M,181,1447426564,South,non-urban,General Practice,5
982,934,M,5779,1972508059,South,non-urban,Medical,8
983,0,M,29,1083767784,South,non-urban,General Practice,6
984,0,M,140,1124036686,West,non-urban,General Practice,7
985,0,M,11,1629083142,West,non-urban,Neurology with Special Qualifications in Child Neurology,7
986,12,M,214,1487623286,Midwest,non-urban,Emergency Medical Services,7
987,332,M,498,1063402170,South,urban,"Endocrinology, Diabetes & Metabolism",8
988,295,M,2297,1366541484,Midwest,urban,Addiction Medicine,7
989,133,M,695,1255432878,South,non-urban,Interventional Pain Medicine,7
990,17,F,260,1629209580,Northeast,urban,Family,4
991,191,M,971,1346321593,Northeast,non-urban,Hematology & Oncology,7
992,627,M,1533,1437101771,South,urban,Gastroenterology,7
993,2080,F,3545,1790784619,South,urban,Family,8
994,0,F,46,1235362690,West,urban,Acute Care,4
995,0,M,237,1912243619,West,non-urban,Surgical Technologist,1
996,0,M,63,1609941194,West,urban,Surgical Technologist,7
997,26,F,377,1487850244,West,non-urban,Family,6
998,634,F,134,1891713590,Midwest,non-urban,"Endocrinology, Diabetes & Metabolism",7
999,0,M,159,1558617589,South,non-urban,General Practice,1
